Question,Answer
What types of properties are available at Ali Premier Properties?,"Ali Premier Properties offers a variety of property types, including residential homes, commercial spaces, apartments, and luxury villas."
Where is Ali Premier Properties located?,Ali Premier Properties is located in [City/Area]. Please contact us for specific location details.
How can I book a property viewing?,"To book a viewing with Ali Premier Properties, you can call us at [Phone Number] or email us at [Email Address]."
What are the payment options available?,"We offer flexible payment plans and financing options. For more details, please reach out to our sales team."
Does Ali Premier Properties offer rental properties?,"Yes, we provide a range of rental properties to fit various needs and budgets."
What is the process for buying a property through Ali Premier Properties?,"Our process includes a property search, site visit, negotiation, and legal paperwork. Our agents will guide you through each step."
Are there any properties available for immediate move-in?,"Yes, we have properties ready for immediate move-in. Please contact us to know more about current availability."
Does Ali Premier Properties assist with property financing?,"Yes, we collaborate with financial institutions to offer financing options for our buyers."
How can I get a property brochure?,You can download a digital brochure from our website or request a physical copy by contacting our office.
Are there any ongoing promotions or discounts?,Please contact our sales team to know about any current promotions or special offers available.
Does Ali Premier Properties provide after-sales services?,"Yes, we provide after-sales services to ensure a smooth transition into your new property."
Who do I contact for property maintenance issues?,"For maintenance issues, you can contact our customer support team at [Phone Number] or [Email Address]."
What amenities are included in Ali Premier Properties?,"Our properties include amenities such as gyms, pools, parking, and green spaces, depending on the location and type of property."
Can I customize or renovate the property after purchase?,"Yes, customization is allowed within certain guidelines. Please consult our team for more details."
Is there a booking fee required?,"Yes, a booking fee may be required to secure a property. Contact our sales team for specific details."
What is the minimum down payment for a property purchase?,Our down payment options vary by property type. Please speak with our finance team for precise information.
Are pets allowed in residential properties?,Pets are allowed in certain properties. Please check with us for pet-friendly listings.
How long does the property handover process take?,The handover process varies by property but typically takes between 1-3 months after finalizing all paperwork.
Does Ali Premier Properties have properties in multiple locations?,"Yes, we have properties in various prime locations to suit different preferences and budgets."
Can I list my property for sale with Ali Premier Properties?,"Yes, we offer property listing services. Contact us to learn more about listing your property with us."
